{"stats":{"minecraft:used":{"minecraft:rotten_flesh":1,"minecraft:peony":1},"minecraft:custom":{"minecraft:jump":133,"minecraft:time_since_rest":8758,"minecraft:damage_dealt":50,"minecraft:crouch_one_cm":117,"minecraft:leave_game":2,"minecraft:sprint_one_cm":23162,"minecraft:play_time":8758,"minecraft:damage_taken":210,"minecraft:time_since_death":8758,"minecraft:walk_one_cm":13049,"minecraft:sneak_time":5,"minecraft:total_world_time":166726,"minecraft:mob_kills":1,"minecraft:fall_one_cm":6430,"minecraft:fly_one_cm":29389},"minecraft:picked_up":{"minecraft:rotten_flesh":1,"minecraft:peony":1,"minecraft:wheat_seeds":1},"minecraft:mined":{"minecraft:grass":2,"minecraft:peony":1}},"DataVersion":3465}