{"stats":{"minecraft:broken":{"minecraft:stone_pickaxe":1},"minecraft:used":{"minecraft:wooden_axe":22,"adventurez:cooked_venison":1,"minecraft:stone_pickaxe":131,"minecraft:wooden_pickaxe":16,"minecraft:rotten_flesh":1,"minecraft:stone_axe":23,"minecraft:dirt":4,"minecraft:mutton":1,"minecraft:crafting_table":4,"minecraft:furnace":2,"minecraft:cooked_porkchop":1,"minecraft:porkchop":2,"minecraft:carrot":13,"minecraft:white_bed":1,"minecraft:cooked_beef":3,"minecraft:cooked_mutton":1,"minecraft:peony":1,"minecraft:splash_potion":1},"minecraft:custom":{"minecraft:time_since_rest":13481,"minecraft:interact_with_furnace":8,"minecraft:sprint_one_cm":109824,"minecraft:damage_taken":900,"minecraft:walk_one_cm":93931,"minecraft:mob_kills":14,"minecraft:damage_dealt":1886,"minecraft:fly_one_cm":198865,"minecraft:interact_with_crafting_table":8,"minecraft:open_barrel":1,"minecraft:open_chest":3,"minecraft:crouch_one_cm":1978,"minecraft:play_time":49285,"minecraft:sneak_time":863,"minecraft:jump":850,"minecraft:interact_with_brewingstand":1,"minecraft:leave_game":6,"minecraft:time_since_death":49285,"minecraft:sleep_in_bed":1,"minecraft:total_world_time":207253,"minecraft:fall_one_cm":23836},"minecraft:mined":{"minecraft:pink_petals":3,"minecraft:furnace":1,"minecraft:iron_ore":3,"minecraft:cherry_log":10,"minecraft:crafting_table":3,"minecraft:peony":1,"minecraft:grass":3,"minecraft:grass_block":4,"minecraft:coal_ore":12,"minecraft:dirt":2,"minecraft:stone":54},"minecraft:picked_up":{"minecraft:pink_petals":7,"minecraft:raw_iron":3,"minecraft:sheep_spawn_egg":1,"minecraft:cherry_planks":25,"minecraft:leather":6,"minecraft:porkchop":3,"minecraft:cherry_log":10,"minecraft:dirt":6,"minecraft:arrow":1,"minecraft:bone":2,"minecraft:rotten_flesh":2,"minecraft:wheat_seeds":1,"minecraft:peony":1,"adventurez:raw_venison":5,"minecraft:beef":6,"minecraft:white_wool":3,"minecraft:crafting_table":3,"minecraft:mutton":3,"minecraft:coal":12,"minecraft:furnace":1,"minecraft:cobblestone":55},"minecraft:crafted":{"minecraft:cooked_beef":6,"minecraft:cherry_planks":40,"minecraft:cooked_porkchop":1,"minecraft:crafting_table":1,"minecraft:stick":8,"minecraft:wooden_pickaxe":1,"minecraft:iron_ingot":3,"minecraft:stone_pickaxe":1,"minecraft:wooden_axe":1,"minecraft:furnace":1,"minecraft:white_bed":1,"minecraft:stone_axe":1,"minecraft:cooked_mutton":1,"minecraft:air":0,"adventurez:cooked_venison":5},"minecraft:killed":{"minecraft:sheep":3,"minecraft:skeleton":2,"adventurez:deer":2,"minecraft:zombie":2,"minecraft:pig":1,"friendsandfoes:moobloom":3}},"DataVersion":3465}