{"stats":{"minecraft:broken":{"minecraft:stone_pickaxe":1},"minecraft:used":{"minecraft:wooden_axe":22,"minecraft:stone_pickaxe":131,"minecraft:wooden_pickaxe":16,"minecraft:rotten_flesh":1,"minecraft:stone_axe":17,"minecraft:dirt":4,"minecraft:mutton":1,"minecraft:crafting_table":4,"minecraft:furnace":2,"minecraft:cooked_porkchop":1,"minecraft:porkchop":2,"minecraft:carrot":13,"minecraft:cooked_beef":3,"minecraft:cooked_mutton":1,"minecraft:splash_potion":1,"minecraft:peony":1},"minecraft:mined":{"minecraft:pink_petals":2,"minecraft:furnace":1,"minecraft:iron_ore":3,"minecraft:cherry_log":10,"minecraft:crafting_table":3,"minecraft:peony":1,"minecraft:grass":2,"minecraft:grass_block":4,"minecraft:coal_ore":12,"minecraft:dirt":2,"minecraft:stone":54},"minecraft:custom":{"minecraft:time_since_rest":32023,"minecraft:interact_with_furnace":6,"minecraft:sprint_one_cm":95339,"minecraft:damage_taken":890,"minecraft:walk_one_cm":84283,"minecraft:mob_kills":11,"minecraft:damage_dealt":1606,"minecraft:fly_one_cm":168717,"minecraft:interact_with_crafting_table":7,"minecraft:open_barrel":1,"minecraft:open_chest":3,"minecraft:crouch_one_cm":1921,"minecraft:play_time":32023,"minecraft:sneak_time":815,"minecraft:jump":742,"minecraft:interact_with_brewingstand":1,"minecraft:leave_game":4,"minecraft:time_since_death":32023,"minecraft:total_world_time":189991,"minecraft:fall_one_cm":20877},"minecraft:picked_up":{"minecraft:pink_petals":4,"minecraft:crafting_table":3,"minecraft:sheep_spawn_egg":1,"minecraft:cherry_planks":25,"minecraft:leather":5,"minecraft:porkchop":3,"minecraft:cherry_log":10,"minecraft:dirt":6,"minecraft:arrow":1,"minecraft:bone":2,"minecraft:rotten_flesh":2,"minecraft:wheat_seeds":1,"minecraft:peony":1,"minecraft:beef":6,"minecraft:coal":12,"minecraft:raw_iron":3,"minecraft:mutton":2,"minecraft:white_wool":2,"minecraft:cobblestone":55,"minecraft:furnace":1},"minecraft:crafted":{"minecraft:cooked_beef":6,"minecraft:cherry_planks":40,"minecraft:cooked_porkchop":1,"minecraft:crafting_table":1,"minecraft:stick":8,"minecraft:iron_ingot":3,"minecraft:wooden_pickaxe":1,"minecraft:stone_pickaxe":1,"minecraft:wooden_axe":1,"minecraft:furnace":1,"minecraft:stone_axe":1,"minecraft:cooked_mutton":1,"minecraft:air":0},"minecraft:killed":{"minecraft:sheep":2,"minecraft:skeleton":2,"minecraft:zombie":2,"minecraft:pig":1,"friendsandfoes:moobloom":3}},"DataVersion":3465}