{"stats":{"minecraft:used":{"minecraft:peony":1,"minecraft:wooden_axe":22,"minecraft:stone_pickaxe":62,"minecraft:wooden_pickaxe":16,"minecraft:rotten_flesh":1,"minecraft:stone_axe":7,"minecraft:mutton":1,"minecraft:crafting_table":3,"minecraft:furnace":1,"minecraft:porkchop":2,"minecraft:carrot":11,"minecraft:splash_potion":1},"minecraft:custom":{"minecraft:time_since_rest":20758,"minecraft:interact_with_furnace":2,"minecraft:sprint_one_cm":65233,"minecraft:damage_taken":490,"minecraft:walk_one_cm":40673,"minecraft:mob_kills":7,"minecraft:damage_dealt":880,"minecraft:interact_with_crafting_table":7,"minecraft:fly_one_cm":124748,"minecraft:open_barrel":1,"minecraft:open_chest":3,"minecraft:crouch_one_cm":634,"minecraft:play_time":20758,"minecraft:sneak_time":306,"minecraft:jump":500,"minecraft:interact_with_brewingstand":1,"minecraft:leave_game":2,"minecraft:time_since_death":20758,"minecraft:total_world_time":178726,"minecraft:fall_one_cm":15711},"minecraft:killed":{"minecraft:sheep":2,"minecraft:skeleton":1,"minecraft:zombie":1,"minecraft:pig":1,"friendsandfoes:moobloom":1},"minecraft:picked_up":{"minecraft:pink_petals":4,"minecraft:crafting_table":2,"minecraft:sheep_spawn_egg":1,"minecraft:leather":1,"minecraft:porkchop":3,"minecraft:cherry_log":10,"minecraft:dirt":1,"minecraft:bone":2,"minecraft:rotten_flesh":2,"minecraft:peony":1,"minecraft:wheat_seeds":1,"minecraft:beef":1,"minecraft:mutton":2,"minecraft:white_wool":2,"minecraft:cobblestone":37},"minecraft:mined":{"minecraft:pink_petals":2,"minecraft:cherry_log":10,"minecraft:peony":1,"minecraft:crafting_table":2,"minecraft:grass":2,"minecraft:grass_block":1,"minecraft:stone":37},"minecraft:crafted":{"minecraft:cherry_planks":40,"minecraft:cooked_porkchop":1,"minecraft:crafting_table":1,"minecraft:stick":8,"minecraft:wooden_pickaxe":1,"minecraft:stone_pickaxe":1,"minecraft:wooden_axe":1,"minecraft:furnace":1,"minecraft:stone_axe":1,"minecraft:air":0,"minecraft:cooked_mutton":1}},"DataVersion":3465}